first_name,last_name,dob,age,ssn,address,latitude,longitude,city,country,time_zone,email,company,job,timestamp,blob_size,is_outlier,is_intermediate,size
Judith,Sanchez,1975-09-06,44,143-95-1680,"600 Jeffery Parkways
New Jamesside, MT 29394",-38.16604,145.13643,Frankston South,AU,Australia/Melbourne,zlawrence@example.org,Wolfe LLC,Health physicist,2020-01-01 00:00:00+00:00,418816,False,True,419369
Matthew,Davis,1940-05-08,79,100-46-5636,"781 Miller Hill
Barbaraland, AZ 87174",47.56494,31.33078,Voznesensk,UA,Europe/Kyiv,kendragalloway@example.org,James Group,Medical sales representative,2020-01-01 00:00:00.000001+00:00,25600,False,False,26149
Jason,Adams,1940-11-15,79,700-83-1170,"327 Nelson Route
Lake Mark, WI 07832",-7.51611,109.05389,Wangon,ID,Asia/Jakarta,lydiatrujillo@example.com,Jones-Gentry,Tax adviser,2020-01-01 00:00:00.000002+00:00,25600,False,False,26127
Jason,Porter,1992-12-22,27,659-59-2341,"884 Hurst Locks
Jeffreyberg, NY 65187",50.82882,-0.32247,Lancing,GB,Europe/London,camposmichelle@example.org,"Moore, Becker and Carlson",Musician,2020-01-01 00:00:00.000003+00:00,262144,False,True,262685
Allison,Maddox,1956-11-10,63,882-02-1877,"514 Moore Alley Suite 828
Port Colleenhaven, PA 26572",40.53123,17.58522,Francavilla Fontana,IT,Europe/Rome,nathanielmartin@example.net,George Group,Advertising account executive,2020-01-01 00:00:00.000004+00:00,82944,False,False,83522
Natasha,Decker,1937-03-02,82,315-31-0950,"71822 Arroyo Expressway
Allisonchester, IL 71187",-3.5403,118.9707,Majene,ID,Asia/Makassar,jenniferross@example.net,"Brooks, Lam and Hayes",Firefighter,2020-01-01 00:00:00.000005+00:00,262144,False,True,262693
Andrew,Spencer,1945-05-28,74,603-29-0118,"10518 Joshua Oval
New David, FM 75348",51.39148,-0.29825,Surbiton,GB,Europe/London,esanchez@example.com,Davis Ltd,Plant breeder/geneticist,2020-01-01 00:00:00.000006+00:00,65536,False,False,66074
Stuart,Daniel,1954-11-12,65,690-84-1613,"33387 Robert Harbors Suite 317
North Deniseside, MP 02435",29.21399,78.95693,Kashipur,IN,Asia/Kolkata,housemelinda@example.org,Tucker-Lewis,Oncologist,2020-01-01 00:00:00.000007+00:00,65536,False,False,66085
